{
  "tau": 0.4278872311115265,
  "sigma_original": [
    0.9990049600601196,
    0.9990600347518921,
    0.09953150898218155
  ],
  "clean": {
    "f1": 0.021,
    "precision": 0.0107,
    "recall": 0.5
  },
  "noisy_2sigma": {
    "f1": 0.0057,
    "precision": 0.0028,
    "recall": 1.0
  },
  "f1_degradation_pct": 72.86
}